Workbook

Sheet 明细
A1: 案例类名 | B1: 来源 | C1: 编译通过(是/否) | D1: 测试方法数 | E1: 断言数 | F1: 行覆盖率% | G1: 分支覆盖率% | H1: 冗余率% | I1: 备注
A2: GCD | B2: 人工 | C2: 是 | D2: 6 | E2: 7 | F2: 100 | G2: 100 | H2: 33.3
A3: FibonacciLoop | B3: 人工 | C3: 是 | D3: 5 | E3: 5 | F3: 100 | G3: 100 | H3: 60
A4: PrimeCheck | B4: 人工 | C4: 是 | D4: 6 | E4: 11 | F4: 25.8 | G4: 50 | H4: 83.3
A5: SieveOfEratosthenes | B5: 人工 | C5: 是 | D5: 6 | E5: 8 | F5: 100 | G5: 100 | H5: 33.3
A6: BinarySearch | B6: 人工 | C6: 是 | D6: 6 | E6: 6 | F6: 100 | G6: 100 | H6: 83.3
A7: LinearSearch | B7: 人工 | C7: 是 | D7: 6 | E7: 10 | F7: 100 | G7: 100 | H7: 33.3
A8: InterpolationSearch | B8: 人工 | C8: 是 | D8: 7 | E8: 8 | F8: 92.9 | G8: 83.3 | H8: 71.4
A9: KMPSearch | B9: 人工 | C9: 是 | D9: 7 | E9: 8 | F9: 94.3 | G9: 83.3 | H9: 71.4
A10: ReverseString | B10: 人工 | C10: 是 | D10: 6 | E10: 17 | F10: 100 | G10: 100 | H10: 33.3
A11: Palindrome | B11: 人工 | C11: 是 | D11: 6 | E11: 18 | F11: 100 | G11: 100 | H11: 0
A12: CountWords | B12: 人工 | C12: 是 | D12: 7 | E12: 12 | F12: 100 | G12: 100 | H12: 28.6
A13: LongestCommonPrefix | B13: 人工 | C13: 是 | D13: 6 | E13: 8 | F13: 100 | G13: 90 | H13: 0
... A76: DamerauLevenshteinDistance | B76: LLM-A | C76: 是 | D76: 16 | E76: 16 | F76: 100 | G76: 100 | H76: 81.2
A77: BitRotate | B77: LLM-A | C77: 否 | D77: — | E77: — | F77: — | G77: — | H77: —
A78: PermutationCipher | B78: LLM-A | C78: 否 | D78: — | E78: — | F78: — | G78: — | H78: —
A79: StackOfLinkedList | B79: LLM-A | C79: 是 | D79: 16 | E79: 18 | F79: 100 | G79: 100 | H79: 62.5
A80: GCD | B80: LLM-B | C80: 是 | D80: 11 | E80: 11 | F80: 100 | G80: 100 | H80: 45.5
A81: FibonacciLoop | B81: LLM-B | C81: 是 | D81: 4 | E81: 4 | F81: 100 | G81: 100 | H81: 0
A82: PrimeCheck | B82: LLM-B | C82: 是 | D82: 6 | E82: 6 | F82: 64.5 | G82: 80 | H82: 100
A83: SieveOfEratosthenes | B83: LLM-B | C83: 是 | D83: 11 | E83: 11 | F83: 100 | G83: 100 | H83: 100
A84: BinarySearch | B84: LLM-B | C84: 是 | D84: 12 | E84: 12 | F84: 100 | G84: 100 | H84: 91.7
A85: LinearSearch | B85: LLM-B | C85: 是 | D85: 12 | E85: 12 | F85: 100 | G85: 100 | H85: 91.7
A86: InterpolationSearch | B86: LLM-B | C86: 是 | D86: 10 | E86: 10 | F86: 92.9 | G86: 91.7 | H86: 70
A87: KMPSearch | B87: LLM-B | C87: 是 | D87: 11 | E87: 11 | F87: 100 | G87: 94.4 | H87: 90.9
A88: ReverseString | B88: LLM-B | C88: 是 | D88: 15 | E88: 15 | F88: 100 | G88: 100 | H88: 93.3
A89: Palindrome | B89: LLM-B | C89: 是 | D89: 12 | E89: 27 | F89: 100 | G89: 100 | H89: 100
A90: CountWords | B90: LLM-B | C90: 是 | D90: 7 | E90: 7 | F90: 100 | G90: 100 | H90: 71.4
... A105: StackOfLinkedList | B105: LLM-B | C105: 是 | D105: 14 | E105: 14 | F105: 100 | G105: 100 | H105: 100

Sheet 汇总
A1: 来源 | B1: 平均测试方法数 | C1: 平均断言数 | D1: 可编译率% | E1: 平均行覆盖率% | F1: 平均分支覆盖率% | G1: 平均冗余率% | H1: 编译状态 | I1: 编译说明
A2: 人工 | B2: =IFERROR(AVERAGEIF(明细!$B$2:$B$105,$A2,明细!$D$2:$D$105),"") -> 6.3461538 | C2: =IFERROR(AVERAGEIF(明细!$B$2:$B$105,$A2,明细!$E$2:$E$105),"") -> 10.846154 | D2: =IFERROR(COUNTIFS(明细!$B$2:$B$105,$A2,明细!$C$2:$C$105,"是")/(COUNTIFS(明细!$B$2:$B$105,$A2,明细!$C$2:$C$105,"是")+COUNTIFS(明细!$B$2:$B$105,$A2,明细!$C$2:$C$105,"否")-COUNTIFS(明细!$B$2:$B$105,$A2,明细!$D$2:$D$105,"—"))*100,"") -> 100 | E2: =IFERROR(AVERAGEIF(明细!$B$2:$B$105,$A2,明细!$F$2:$F$105),"") -> 95.280769 | F2: =IFERROR(AVERAGEIF(明细!$B$2:$B$105,$A2,明细!$G$2:$G$105),"") -> 94 | G2: =IFERROR(AVERAGEIF(明细!$B$2:$B$105,$A2,明细!$H$2:$H$105),"") -> 38.515385 | H2: 整体编译成功 | I2: 依据 Maven clean test-compile 日志：847 个主代码源文件、897 个测试代码源文件编译成功。
A3: 自带 | B3: =IFERROR(AVERAGEIF(明细!$B$2:$B$105,$A3,明细!$D$2:$D$105),"") -> 10.653846 | C3: =IFERROR(AVERAGEIF(明细!$B$2:$B$105,$A3,明细!$E$2:$E$105),"") -> 17.692308 | D3: =IFERROR(COUNTIFS(明细!$B$2:$B$105,$A3,明细!$C$2:$C$105,"是")/(COUNTIFS(明细!$B$2:$B$105,$A3,明细!$C$2:$C$105,"是")+COUNTIFS(明细!$B$2:$B$105,$A3,明细!$C$2:$C$105,"否")-COUNTIFS(明细!$B$2:$B$105,$A3,明细!$D$2:$D$105,"—"))*100,"") -> 100 | E3: =IFERROR(AVERAGEIF(明细!$B$2:$B$105,$A3,明细!$F$2:$F$105),"") -> 94.557692 | F3: =IFERROR(AVERAGEIF(明细!$B$2:$B$105,$A3,明细!$G$2:$G$105),"") -> 93.873077 | G3: =IFERROR(AVERAGEIF(明细!$B$2:$B$105,$A3,明细!$H$2:$H$105),"") -> 57.034615 | H3: 整体编译成功 | I3: 依据 Maven clean test-compile 日志：847 个主代码源文件、897 个测试代码源文件编译成功。
A4: LLM-A | B4: =IFERROR(AVERAGEIF(明细!$B$2:$B$105,$A4,明细!$D$2:$D$105),"") -> 10.875 | C4: =IFERROR(AVERAGEIF(明细!$B$2:$B$105,$A4,明细!$E$2:$E$105),"") -> 11.375 | D4: =IFERROR(COUNTIFS(明细!$B$2:$B$105,$A4,明细!$C$2:$C$105,"是")/(COUNTIFS(明细!$B$2:$B$105,$A4,明细!$C$2:$C$105,"是")+COUNTIFS(明细!$B$2:$B$105,$A4,明细!$C$2:$C$105,"否")-COUNTIFS(明细!$B$2:$B$105,$A4,明细!$D$2:$D$105,"—"))*100,"") -> 100 | E4: =IFERROR(AVERAGEIF(明细!$B$2:$B$105,$A4,明细!$F$2:$F$105),"") -> 98.145833 | F4: =IFERROR(AVERAGEIF(明细!$B$2:$B$105,$A4,明细!$G$2:$G$105),"") -> 97.75 | G4: =IFERROR(AVERAGEIF(明细!$B$2:$B$105,$A4,明细!$H$2:$H$105),"") -> 70.2 | H4: 整体编译成功 | I4: 依据 Maven clean test-compile 日志：847 个主代码源文件、897 个测试代码源文件编译成功。
A5: LLM-B | B5: =IFERROR(AVERAGEIF(明细!$B$2:$B$105,$A5,明细!$D$2:$D$105),"") -> 10.807692 | C5: =IFERROR(AVERAGEIF(明细!$B$2:$B$105,$A5,明细!$E$2:$E$105),"") -> 11.384615 | D5: =IFERROR(COUNTIFS(明细!$B$2:$B$105,$A5,明细!$C$2:$C$105,"是")/(COUNTIFS(明细!$B$2:$B$105,$A5,明细!$C$2:$C$105,"是")+COUNTIFS(明细!$B$2:$B$105,$A5,明细!$C$2:$C$105,"否")-COUNTIFS(明细!$B$2:$B$105,$A5,明细!$D$2:$D$105,"—"))*100,"") -> 100 | E5: =IFERROR(AVERAGEIF(明细!$B$2:$B$105,$A5,明细!$F$2:$F$105),"") -> 97.323077 | F5: =IFERROR(AVERAGEIF(明细!$B$2:$B$105,$A5,明细!$G$2:$G$105),"") -> 97.219231 | G5: =IFERROR(AVERAGEIF(明细!$B$2:$B$105,$A5,明细!$H$2:$H$105),"") -> 79.603846 | H5: 整体编译成功 | I5: 依据 Maven clean test-compile 日志：847 个主代码源文件、897 个测试代码源文件编译成功。

Sheet 填写说明
A1: 规则 | B1: 说明
A2: 一个案例四行 | B2: 26 个案例 × 4 组 = 104 行；每个案例在人工、自带、LLM-A、LLM-B 各占一行。
A3: 编译不通过 | B3: 编译不通过的案例，后续指标填「—」，不要填 0。0% 和「没测」是两回事。
A4: 覆盖率从哪抄 | B4: 从对应测试组的 target/site/jacoco/index.html 中，找到清单里的被测类，抄 Lines 和 Branches。
A5: 只统计清单中的 26 个类 | B5: 只统计 01-案例清单.xlsx 中的 26 个类，仓库里其他类不用管。
A6: 测试方法数 | B6: grep -cE "@(Test|ParameterizedTest)" 文件.java
A7: 断言数 | B7: grep -oE "assert[A-Za-z]+\\(" 文件.java | wc -l
A8: 冗余率 | B8: 见组员分工说明附录 D 的 redundancy.py
A9: 编译失败怎么办 | B9: 先跑一次，把报错里的文件名抄到 broken.txt，把文件移出 src/test/java 再跑，失败数 = broken.txt 行数
A10: 只能一个来源 | B10: 以 JaCoCo 报告为准，不要手敲估计值
A11: 数据真实性 | B11: 此版本只更新 26 案例的数据结构与汇总公式；实验指标未实测前保持空白，不预填或虚构。
A12: 源码统计口径 | B12: 测试方法数、断言数、冗余率来自 docs/tools/metrics.py 的源码统计结果；汇总表中的方法数和断言数为每个测试文件的平均值。明细表不按案例分摊组级统计，避免虚构单案例数据。
... A18: 冗余率口径 | B18: 涉及重复的方法数 ÷ 总方法数；不是重复对数 ÷ 总方法数。
